epreuve,equipeA,equipeB,horaire,terrain,scoreA,scoreB,statut
Spike Ball,Top Yeu,Les Bronzés,11h45,Plage,10,6,terminé
Spike Ball,Astérix & Obélix,E.T.,11h55,Plage,8,10,terminé
Spike Ball,Top Yeu,Astérix & Obélix,12h05,Plage,10,9,terminé
Spike Ball,Les Bronzés,E.T.,12h15,Plage,5,10,terminé
Spike Ball,Les Bronzés,Astérix & Obélix,12h20,Plage,7,10,terminé
Spike Ball,Top Yeu,E.T.,12h25,Plage,10,8,terminé
Football 3x3,Top Yeu,Les Bronzés,14h00,Terrain de foot,0,1,terminé
Football 3x3,Astérix & Obélix,E.T.,14h10,Terrain de foot,0,1,terminé
Football 3x3,Top Yeu,Astérix & Obélix,14h20,Terrain de foot,0,1,terminé
Football 3x3,Les Bronzés,E.T.,14h30,Terrain de foot,0,1,terminé
Football 3x3,Les Bronzés,Astérix & Obélix,14h40,Terrain de foot,0,1,terminé
Football 3x3,Top Yeu,E.T.,14h50,Terrain de foot,0,1,terminé
